ID,SMILES,pIC50
CHEMBL3639983,CNC(=O)c1ccc(Nc2nn([C@H]3CCCC[C@@H]3C#N)cc2C(N)=O)cc1,8.15
CHEMBL3640018,CN[C@@H]1CCC(n2cc(C(N)=O)c(Nc3ccc(F)cc3)n2)[C@@H](C#N)C1,7.6
CHEMBL3647725,CS(=O)(=O)CCNC1CC[C@H](n2cc(C(N)=O)c(Nc3ccc(S(=O)(=O)C(F)(F)F)cc3)n2)[C@@H](C#N)C1,8.4
CHEMBL3647726,COCCN(C)[C@H]1CC[C@H](n2cc(C(N)=O)c(Nc3ccc(S(=O)(=O)C(F)(F)F)cc3)n2)[C@@H](C#N)C1,7.77
CHEMBL3647730,CN(C)S(=O)(=O)CCNC1CC[C@H](n2cc(C(N)=O)c(Nc3ccc(S(=O)(=O)C(F)(F)F)cc3)n2)[C@@H](C#N)C1,7.89
CHEMBL3647736,N#C[C@H]1CC(NCC(=O)O)CC[C@@H]1n1cc(C(N)=O)c(Nc2ccc(S(=O)(=O)C(F)(F)F)cc2)n1,9
CHEMBL3647738,N#C[C@H]1C[C@@H](NCC(F)F)CC[C@@H]1n1cc(C(N)=O)c(Nc2ccc(S(=O)(=O)C(F)(F)F)cc2)n1,8.4
CHEMBL3647739,N#C[C@H]1C[C@@H](NCCC(F)(F)F)CC[C@@H]1n1cc(C(N)=O)c(Nc2ccc(S(=O)(=O)C(F)(F)F)cc2)n1,7.26
CHEMBL3647740,N#C[C@H]1C[C@H](NCCC(F)(F)F)CC[C@@H]1n1cc(C(N)=O)c(Nc2ccc(S(=O)(=O)C(F)(F)F)cc2)n1,7.09
CHEMBL3647743,CN(CCC(F)(F)F)[C@@H]1CC[C@H](n2cc(C(N)=O)c(Nc3ccc(S(=O)(=O)C(F)(F)F)cc3)n2)[C@@H](C#N)C1,6.75
CHEMBL3647744,CN(CCC(F)(F)F)[C@H]1CC[C@H](n2cc(C(N)=O)c(Nc3ccc(S(=O)(=O)C(F)(F)F)cc3)n2)[C@@H](C#N)C1,7.51
CHEMBL3647747,CC(C)N[C@H]1CC[C@H](n2cc(C(N)=O)c(Nc3ccc(S(=O)(=O)C(F)(F)F)cc3)n2)[C@@H](C#N)C1,8.1
CHEMBL3647748,CC(C)N[C@@H]1CC[C@H](n2cc(C(N)=O)c(Nc3ccc(S(=O)(=O)C(F)(F)F)cc3)n2)[C@@H](C#N)C1,7.72
CHEMBL3647761,CN(C)[C@H]1CC[C@H](n2cc(C(N)=O)c(Nc3ccc(C(F)(F)F)cc3)n2)[C@@H](C#N)C1,7.85
CHEMBL3647762,CN(C)[C@@H]1CC[C@H](n2cc(C(N)=O)c(Nc3ccc(C(F)(F)F)cc3)n2)[C@@H](C#N)C1,7.68
CHEMBL3647777,CC(C)(C)N[C@H]1CCC(n2cc(C(N)=O)c(Nc3ccc(C(F)(F)F)cc3)n2)[C@@H](C#N)C1,7.58
CHEMBL3647783,CC(C)(CO)N[C@H]1CCC(n2cc(C(N)=O)c(Nc3ccc(Cl)cc3)n2)[C@@H](C#N)C1,7.39
CHEMBL3647788,CC(C)(C)N[C@H]1CCC(n2cc(C(N)=O)c(Nc3ccccc3)n2)[C@@H](C#N)C1,7.55
CHEMBL3647794,CC(C)(O)CN[C@H]1CCC(n2cc(C(N)=O)c(Nc3ccc(Cl)cc3)n2)[C@@H](C#N)C1,7.38
CHEMBL3647795,COCC(C)(C)N[C@H]1CCC(n2cc(C(N)=O)c(Nc3ccc(Cl)cc3)n2)[C@@H](C#N)C1,7.37
CHEMBL3647797,N#C[C@H]1C[C@@H](NCC(F)(F)F)CC[C@@H]1n1cc(C(N)=O)c(Nc2ccc(Cl)cc2)n1,7.47
CHEMBL3647798,N#C[C@H]1C[C@H](NCC(F)(F)F)CC[C@@H]1n1cc(C(N)=O)c(Nc2ccc(Cl)cc2)n1,7.29
CHEMBL3647801,COC(C)(C)CN[C@H]1CCC(n2cc(C(N)=O)c(Nc3ccc(Cl)cc3)n2)[C@@H](C#N)C1,7.32
CHEMBL3647804,COCC(C)(C)N[C@H]1CCC(n2cc(C(N)=O)c(Nc3ccccc3)n2)[C@@H](C#N)C1,6.77
CHEMBL3647807,COCC(C)(C)N(C)[C@H]1CCC(n2cc(C(N)=O)c(Nc3ccc(Cl)cc3)n2)[C@@H](C#N)C1,7.2
CHEMBL3647809,COCCN[C@H]1CCC(n2cc(C(N)=O)c(Nc3ccc(Cl)cc3)n2)[C@@H](C#N)C1,7.64
CHEMBL3647810,COCC(C)N[C@H]1CCC(n2cc(C(N)=O)c(Nc3ccc(Cl)cc3)n2)[C@@H](C#N)C1,7.45
CHEMBL3647811,COCCN(C)[C@H]1CCC(n2cc(C(N)=O)c(Nc3ccc(Cl)cc3)n2)[C@@H](C#N)C1,7.7
CHEMBL3647812,COCC(C)N(C)[C@H]1CCC(n2cc(C(N)=O)c(Nc3ccc(Cl)cc3)n2)[C@@H](C#N)C1,7.56
CHEMBL3647813,N#C[C@H]1C[C@@H](N)CCC1n1cc(C(N)=O)c(Nc2ccc(F)cc2)n1,7.46
CHEMBL3647819,CC(C)CN[C@H]1CC[C@@H](n2cc(C(N)=O)c(Nc3ccc(C(F)(F)F)cc3)n2)[C@H](C#N)C1,6.38
CHEMBL3647834,CC(C)(c1ccc(Nc2nn([C@H]3CC[C@@](C)(O)C[C@@H]3C#N)cc2C(N)=O)cc1)C(O)C(F)(F)F,8.35
CHEMBL3647835,CC(C)(c1ccc(Nc2nn([C@H]3CC[C@](C)(O)C[C@@H]3C#N)cc2C(N)=O)cc1)C(O)C(F)(F)F,8.61
CHEMBL3647836,C=C[C@]1(O)CC[C@H](n2cc(C(N)=O)c(Nc3ccc(Cl)cc3)n2)[C@@H](C#N)C1,7.6
CHEMBL3647837,C[C@@]1(O)CC[C@H](n2cc(C(N)=O)c(Nc3ccc(Cl)c(F)c3)n2)[C@@H](C#N)C1,7.55
CHEMBL3647838,C[C@]1(O)CC[C@H](n2cc(C(N)=O)c(Nc3ccc([C@](C)(O)C(F)(F)F)cc3)n2)[C@@H](C#N)C1,8.4
CHEMBL3647839,C[C@@]1(O)CC[C@H](n2cc(C(N)=O)c(Nc3ccc([C@](C)(O)C(F)(F)F)cc3)n2)[C@@H](C#N)C1,8.4
CHEMBL3647840,C[C@]1(O)CC[C@H](n2cc(C(N)=O)c(Nc3ccc(Cl)cc3)n2)[C@@H](C#N)C1,8.05
CHEMBL3647841,C[C@@]1(O)CC[C@H](n2cc(C(N)=O)c(Nc3ccc([C@@](C)(O)C(F)(F)F)cc3)n2)[C@@H](C#N)C1,8.4
CHEMBL3647843,C[C@@]1(O)CC[C@H](n2cc(C(N)=O)c(Nc3ccc(Cl)cc3)n2)[C@@H](C#N)C1,7.77
CHEMBL3647845,C[C@]1(O)CC[C@H](n2cc(C(N)=O)c(Nc3ccc([C@@](C)(O)C(F)(F)F)cc3)n2)[C@@H](C#N)C1,9
CHEMBL3647846,C=C[C@@]1(O)CC[C@H](n2cc(C(N)=O)c(Nc3ccc(Cl)cc3)n2)[C@@H](C#N)C1,8.22
CHEMBL3647847,C[C@]1(O)CC[C@H](n2cc(C(N)=O)c(Nc3ccc(Cl)c(F)c3)n2)[C@@H](C#N)C1,7.96
CHEMBL3647848,N#C[C@H]1C[C@@H](O)CC[C@@H]1n1cc(C(N)=O)c(Nc2ccc(OC(F)(F)F)cc2)n1,8.3
CHEMBL3647849,N#C[C@H]1C[C@@H](O)CC[C@@H]1n1cc(C(N)=O)c(Nc2ccc(Cl)cc2)n1,8.22
CHEMBL3647850,N#C[C@H]1C[C@@H](O)CC[C@@H]1n1cc(C(N)=O)c(Nc2ccc(Cl)c(F)c2)n1,7.92
CHEMBL3647851,N#C[C@H]1C[C@@H](O)CC[C@@H]1n1cc(C(N)=O)c(Nc2ccc(C(F)(F)F)cc2)n1,7.05
CHEMBL3647852,N#Cc1ccc(Nc2nn([C@H]3CC[C@H](O)C[C@@H]3C#N)cc2C(N)=O)cc1,8.52
CHEMBL3647853,N#C[C@H]1C[C@@H](O)CC[C@@H]1n1cc(C(N)=O)c(Nc2ccc(OC(F)F)cc2)n1,7.12
CHEMBL3647856,N#C[C@H]1C[C@@H](O)CC[C@@H]1n1cc(C(N)=O)c(Nc2ccc([C@H](O)C(F)(F)F)cc2)n1,8.7
CHEMBL3647857,N#C[C@H]1C[C@@H](O)CC[C@@H]1n1cc(C(N)=O)c(Nc2ccc([C@@H](O)C(F)(F)F)cc2)n1,8.52
CHEMBL3647858,C[C@](O)(c1ccc(Nc2nn([C@H]3CC[C@H](O)C[C@@H]3C#N)cc2C(N)=O)cc1)C(F)(F)F,8.7
CHEMBL3647859,C[C@@](O)(c1ccc(Nc2nn([C@H]3CC[C@H](O)C[C@@H]3C#N)cc2C(N)=O)cc1)C(F)(F)F,9.02
CHEMBL3647861,CC(C)(c1ccc(Nc2nn([C@H]3CC[C@H](O)C[C@@H]3C#N)cc2C(N)=O)cc1)C(O)C(F)(F)F,8.61
CHEMBL3647864,N#C[C@H]1C[C@@H](O)CC[C@@H]1n1cc(C(N)=O)c(Nc2ccc(Cl)c(Cl)c2)n1,7.7
CHEMBL3647865,CC(C)(CF)c1ccc(Nc2nn([C@H]3CC[C@H](O)C[C@@H]3C#N)cc2C(N)=O)cc1,8.22
CHEMBL3647869,CC(C)NC(=O)O[C@@H]1CCC(n2cc(C(N)=O)c(Nc3ccc(F)cc3)n2)[C@@H](C#N)C1,7.72
CHEMBL3647871,CNC(=O)O[C@@H]1CCC(n2cc(C(N)=O)c(Nc3ccc(F)cc3)n2)[C@@H](C#N)C1,7.92
CHEMBL3647872,CCNC(=O)O[C@@H]1CCC(n2cc(C(N)=O)c(Nc3ccc(F)cc3)n2)[C@@H](C#N)C1,8.05
CHEMBL3647873,CC(C)NC(=O)O[C@H]1CCC(n2cc(C(N)=O)c(Nc3ccc(F)cc3)n2)[C@@H](C#N)C1,7.03
CHEMBL3647874,CNC(=O)O[C@H]1CCC(n2cc(C(N)=O)c(Nc3ccc(F)cc3)n2)[C@@H](C#N)C1,7.29
CHEMBL3647883,N#C[C@@H]1C[C@H](C(=O)NCC(F)(F)F)CCC1n1cc(C(N)=O)c(Nc2ccc(Cl)cc2)n1,7.42
CHEMBL3647895,N#C[C@H]1C[C@@H](C(=O)NCC(F)(F)F)CC[C@@H]1n1cc(C(N)=O)c(Nc2ccc(Cl)cc2)n1,6.66
CHEMBL3647908,CC(C)(C)NC(=O)[C@@H]1CC[C@@H](n2cc(C(N)=O)c(Nc3ccc(Cl)cc3)n2)[C@H](C#N)C1,6.37
CHEMBL3647911,[C-]#[N+][C@H]1C[C@@H](C(C)(C)O)CC[C@@H]1n1cc(C(N)=O)c(Nc2ccc(Cl)cc2)n1,8.05
CHEMBL3647913,CS(=O)(=O)N[C@H]1CCC(n2cc(C(N)=O)c(Nc3ccc(F)cc3)n2)[C@@H](C#N)C1,7.85
CHEMBL3647914,CS(=O)(=O)N[C@@H]1CC[C@H](n2cc(C(N)=O)c(Nc3ccc(Cl)cc3)n2)[C@@H](C#N)C1,8.1
CHEMBL3647915,CS(=O)(=O)N[C@H]1CC[C@H](n2cc(C(N)=O)c(Nc3ccc(Cl)cc3)n2)[C@@H](C#N)C1,8.3
CHEMBL3647916,CN([C@@H]1CC[C@H](n2cc(C(N)=O)c(Nc3ccc(Cl)cc3)n2)[C@@H](C#N)C1)S(C)(=O)=O,7.34
CHEMBL3647917,CN([C@H]1CC[C@H](n2cc(C(N)=O)c(Nc3ccc(Cl)cc3)n2)[C@@H](C#N)C1)S(C)(=O)=O,8.22
CHEMBL3647918,[C-]#[N+][C@H]1CCCC[C@@H]1n1cc(C(N)=O)c(Nc2ccc(/C=N/OC)cc2)n1,8.7
CHEMBL3647919,[C-]#[N+][C@H]1CCCC[C@@H]1n1cc(C(N)=O)c(Nc2ccc(/C(C)=N/OC)cc2)n1,8.7
CHEMBL3647920,[C-]#[N+][C@H]1C[C@H](OC(C)=O)[C@@H](O)C[C@@H]1n1cc(C(N)=O)c(Nc2ccc(C(F)(F)F)cc2)n1,6.74
CHEMBL3647921,N#C[C@H]1CCCC[C@@H]1n1cc(C(N)=O)c(Nc2ccc(S(=O)(=O)C(F)(F)F)cc2)n1,6.92
CHEMBL3647922,N#C[C@@H]1CCCC[C@H]1n1cc(C(N)=O)c(Nc2ccc(S(=O)(=O)C(F)F)cc2)n1,8.125
CHEMBL3647923,N#C[C@@H]1CCCCC1n1cc(C(N)=O)c(Nc2ccc(S(=O)(=O)CC(F)(F)F)cc2)n1,8.375
CHEMBL3647924,N#C[C@H]1C[C@H](O)CCC1n1cc(C(N)=O)c(Nc2ccc(S(=O)(=O)C(F)(F)F)cc2)n1,8.015
CHEMBL3647925,CC(C)(C)OC(=O)N[C@@H]1CC[C@H](C#N)C(n2cc(C(N)=O)c(Nc3ccc(F)cc3)n2)C1,6.685
CHEMBL3647928,[C-]#[N+][C@H]1CCCC[C@@H]1n1cc(C(N)=O)c(Nc2ccc(CC(=O)O)cc2)n1,7.31
CHEMBL3647930,CC1(C)CC[C@H](C#N)[C@@H](n2cc(C(N)=O)c(Nc3ccccc3)n2)C1,7.3
CHEMBL3647932,N#C[C@@H]1C[C@@H](O)CC[C@@H]1n1cc(C(N)=O)c(Nc2ccc(S(=O)(=O)C(F)(F)F)cc2)n1,8.3
CHEMBL3647933,C[C@]1(C#N)CC[C@H](F)C[C@@H]1n1cc(C(N)=O)c(Nc2ccc(F)cc2)n1,8.1
CHEMBL3650673,N#C[C@H]1CCCCC1n1cc(C(N)=O)c(Nc2ccccc2)n1,7.52
CHEMBL3650674,CN(C)[C@@H]1CCC(n2cc(C(N)=O)c(Nc3ccc(S(=O)(=O)C(F)(F)F)cc3)n2)[C@@H](C#N)C1,7.985
CHEMBL3650677,CS(=O)(=O)N[C@@H]1CCC(n2cc(C(N)=O)c(Nc3ccc(F)cc3)n2)[C@H](C#N)C1,7.92
CHEMBL3650678,CS(=O)(=O)c1ccc(Nc2nn([C@H]3CCCC[C@@H]3C#N)cc2C(N)=O)cc1,7.57
CHEMBL3650679,CS(=O)(=O)c1ccc(Nc2nn([C@H]3CCCC[C@H]3C#N)cc2C(N)=O)cc1,7.07
CHEMBL3650680,N#C[C@@H]1CCCC[C@@H]1n1cc(C(N)=O)c(Nc2ccc(S(=O)(=O)C(F)(F)F)cc2)n1,8.05
CHEMBL3650683,CS(=O)(=O)c1ccc(Nc2nn([C@@H]3CCCC[C@H]3C#N)cc2C(N)=O)cc1,8.15
CHEMBL3650684,N#C[C@H]1C[C@H](O)CC[C@@H]1n1cc(C(N)=O)c(Nc2ccc(S(=O)(=O)C(F)(F)F)cc2)n1,8.52
CHEMBL3699460,N#C[C@@H]1CCCCC1n1cc(C(N)=O)c(Nc2ccccc2)n1,6.86
CHEMBL3699463,[C-]#[N+][C@H]1CCCC[C@@H]1n1cc(C(N)=O)c(Nc2ccccc2)n1,7.44
CHEMBL3699464,N#C[C@H]1C[C@H](O)CCC1n1cc(C(N)=O)c(Nc2ccccc2)n1,7.16
CHEMBL3699468,N#C[C@H]1CCC[C@@H](O)C1n1cc(C(N)=O)c(Nc2ccccc2)n1,6
CHEMBL3699469,N#C[C@H]1CCC[C@H](O)C1n1cc(C(N)=O)c(Nc2ccccc2)n1,6.5
CHEMBL3699470,N#C[C@H]1C(n2cc(C(N)=O)c(Nc3ccccc3)n2)CCC[C@H]1O,6.2
CHEMBL3699471,N#C[C@@H]1C(n2cc(C(N)=O)c(Nc3ccccc3)n2)CCC[C@H]1O,6.7
CHEMBL3699472,N#C[C@H]1C(n2cc(C(N)=O)c(Nc3ccccc3)n2)CCC[C@@H]1O,7
CHEMBL3699473,N#C[C@@H]1C(n2cc(C(N)=O)c(Nc3ccccc3)n2)CCC[C@@H]1O,7.31
CHEMBL3699474,N#C[C@H]1CC[C@H](O)CC1n1cc(C(N)=O)c(Nc2ccccc2)n1,7.1
CHEMBL3699475,N#C[C@H]1CC[C@@H](O)CC1n1cc(C(N)=O)c(Nc2ccccc2)n1,6.73
CHEMBL3699476,CS(=O)(=O)c1ccc(Nc2nn(C3CCCC[C@H]3C#N)cc2C(N)=O)cc1,7.75
CHEMBL3699477,CS(=O)(=O)c1ccc(Nc2nn(C3CCCCC3C#N)cc2C(N)=O)cc1,8.05
CHEMBL3699478,[C-]#[N+][C@@H]1CCCC[C@@H]1n1cc(C(N)=O)c(Nc2ccc(CC(=O)O)cc2)n1,6.96
CHEMBL3699479,N#C[C@H]1C[C@H](O)CCC1n1cc(C(N)=O)c(Nc2ccc(F)cc2)n1,7.34
CHEMBL3699480,N#C[C@H]1C[C@@H](O)CCC1n1cc(C(N)=O)c(Nc2ccc(F)cc2)n1,7.89
CHEMBL3699486,CC(C)(C)OC(=O)[C@H]1CCC(n2cc(C(N)=O)c(Nc3ccc(F)cc3)n2)[C@@H](C#N)C1,6.33
CHEMBL3699487,COC(=O)[C@H]1CCC(n2cc(C(N)=O)c(Nc3ccc(F)cc3)n2)[C@@H](C#N)C1,7
CHEMBL3699488,N#C[C@@H]1CC(CO)CCC1n1cc(C(N)=O)c(Nc2ccc(F)cc2)n1,7.66
CHEMBL3699489,N#C[C@@H]1CC(CN)CCC1n1cc(C(N)=O)c(Nc2ccc(F)cc2)n1,6.61
CHEMBL3699490,CN(C)CC1CCC(n2cc(C(N)=O)c(Nc3ccc(F)cc3)n2)[C@H](C#N)C1,6.45
CHEMBL3699491,CC1(C)CC[C@@H](C#N)[C@@H](n2cc(C(N)=O)c(Nc3ccccc3)n2)C1,6.75
CHEMBL3699492,CC(C)(C)OC(=O)NC1CC[C@H](C#N)C(n2cc(C(N)=O)c(Nc3ccc(F)cc3)n2)C1,7.485
CHEMBL3699493,CC(C)(C)OC(=O)NC1CC[C@@H](C#N)C(n2cc(C(N)=O)c(Nc3ccc(F)cc3)n2)C1,7.7
CHEMBL3699494,CC1CCC(C#N)C(n2cc(C(N)=O)c(Nc3ccccc3)n2)C1,7.42
CHEMBL3699497,CC(C)(C)OC(=O)NCC1CC[C@H](C#N)[C@@H](n2cc(C(N)=O)c(Nc3ccc(F)cc3)n2)C1,6.125
CHEMBL3699498,CC(C)(C)OC(=O)C1CC[C@H](C#N)C(n2cc(C(N)=O)c(Nc3ccccc3)n2)C1,7.3
CHEMBL3699499,N#C[C@H]1C[C@@H](O)CC[C@@H]1n1cc(C(N)=O)c(Nc2ccc(S(=O)(=O)C(F)(F)F)cc2)n1,8.375
CHEMBL3699500,N#C[C@H]1C[C@H](O)CCC1n1cc(C(N)=O)c(Nc2ccc(S(=O)(=O)C(F)F)cc2)n1,8.52
CHEMBL3699502,N#C[C@H]1CCCCC1n1cc(C(N)=O)c(Nc2ccc(S(=O)(=O)C(F)(F)F)cc2)n1,7.77
CHEMBL3699504,CC(C)(C)OC(=O)C1CCC(n2cc(C(N)=O)c(Nc3ccc(S(=O)(=O)C(F)(F)F)cc3)n2)C(C#N)C1,6.36
CHEMBL3699506,N#Cc1ccc(Nc2nn([C@H]3CCCC[C@@H]3C#N)cc2C(N)=O)cc1,8.05
CHEMBL3699509,CS(=O)(=O)c1ccc(Nc2nn(C3CCCC[C@@H]3C#N)cc2C(N)=O)cc1F,8
CHEMBL3699510,N#C[C@H]1CCCCC1n1cc(C(N)=O)c(Nc2ccc(S(=O)(=O)C(F)F)cc2)n1,8.3
CHEMBL3699511,CCS(=O)(=O)c1ccc(Nc2nn(C3CCCC[C@@H]3C#N)cc2C(N)=O)cc1,8.4
CHEMBL3699513,N#C[C@H]1CCCCC1n1cc(C(N)=O)c(Nc2ccc(S(=O)(=O)CC(F)(F)F)cc2)n1,8.3
CHEMBL3699515,CNC(=O)c1ccc(Nc2nn([C@H]3CCCC[C@H]3C#N)cc2C(N)=O)cc1,6.65
CHEMBL3699516,N#C[C@@H]1CCCC[C@@H]1n1cc(C(N)=O)c(Nc2ccc(F)cc2)n1,7.12
CHEMBL3699517,N#Cc1ccc(Nc2nn([C@H]3CCCC[C@H]3C#N)cc2C(N)=O)cc1,7.44
CHEMBL3699518,N#C[C@H]1CCCC[C@@H]1n1cc(C(N)=O)c(Nc2ccc(S(=O)(=O)C(F)(F)F)c(CO)c2)n1,8.3
CHEMBL3699519,N#C[C@H]1CCCCC1n1cc(C(N)=O)c(Nc2ccc(F)cc2)n1,7.66
CHEMBL3699526,N#C[C@H]1CCCC[C@@H]1n1cc(C(N)=O)c(Nc2ccc(C=O)cc2)n1,8.52
CHEMBL3699527,N#C[C@H]1CCCC[C@@H]1n1cc(C(N)=O)c(Nc2ccc(Br)cc2)n1,7.96
CHEMBL3699528,CC(=O)c1ccc(Nc2nn([C@H]3CCCC[C@@H]3C#N)cc2C(N)=O)cc1,8.7
CHEMBL3699529,CC(C)(c1ccc(Nc2nn([C@@H]3CCCC[C@H]3C#N)cc2C(N)=O)cc1)[C@H](O)C(F)(F)F,7.52
CHEMBL3699530,CC(C)(c1ccc(Nc2nn([C@H]3CCCC[C@@H]3C#N)cc2C(N)=O)cc1)[C@H](O)C(F)(F)F,8.52
CHEMBL3699531,CC(C)(c1ccc(Nc2nn([C@@H]3CCCC[C@H]3C#N)cc2C(N)=O)cc1)[C@@H](O)C(F)(F)F,9
CHEMBL3699532,CC(C)(c1ccc(Nc2nn([C@H]3CCCC[C@@H]3C#N)cc2C(N)=O)cc1)[C@@H](O)C(F)(F)F,8
CHEMBL3699533,CC(C)(c1ccc(Nc2nn([C@H]3CCCC[C@@H]3C#N)cc2C(N)=O)cc1F)[C@H](O)C(F)(F)F,7.96
CHEMBL3699534,CC(C)(c1ccc(Nc2nn([C@H]3CCCC[C@@H]3C#N)cc2C(N)=O)cc1F)[C@@H](O)C(F)(F)F,8.4
CHEMBL3699537,N#C[C@H]1CCCC[C@@H]1n1cc(C(N)=O)c(Nc2ccc([C@@H](O)C(F)(F)F)cc2)n1,8.7
CHEMBL3699541,N#C[C@H]1C[C@H](O)CC[C@@H]1n1cc(C(N)=O)c(Nc2ccc(Cl)cc2)n1,7.96
CHEMBL3699544,CC(C)(C(=O)O)c1ccc(Nc2nn([C@@H]3CCCC[C@H]3C#N)cc2C(N)=O)cc1,8.15
CHEMBL3699546,N#C[C@H]1CCCC[C@@H]1n1cc(C(N)=O)c(Nc2ccc(CN)cc2)n1,8
CHEMBL3699550,N#C[C@H]1CCCC[C@@H]1n1cc(C(N)=O)c(Nc2ccc(Cl)c(Cl)c2)n1,7.03
CHEMBL3699552,N#C[C@H]1CCCC[C@@H]1n1cc(C(N)=O)c(Nc2cc(F)cc(Cl)c2)n1,7.38
CHEMBL3699553,N#C[C@H]1CCCC[C@@H]1n1cc(C(N)=O)c(Nc2ccc(Cl)c(F)c2)n1,7.505
CHEMBL3699554,CC(C)(C(=O)O)c1ccc(Nc2nn([C@H]3CCCC[C@@H]3C#N)cc2C(N)=O)cc1,7.14
CHEMBL3699556,N#C[C@H]1CCCC[C@@H]1n1cc(C(N)=O)c(Nc2cc(Cl)cc(Cl)c2)n1,6.92
CHEMBL3699558,CC(C)(C(=O)NCC(F)(F)F)c1ccc(Nc2nn([C@H]3CCCC[C@@H]3C#N)cc2C(N)=O)cc1,9.18
CHEMBL3699559,N#C[C@H]1CCCC[C@@H]1n1cc(C(N)=O)c(Nc2ccc(F)c(Cl)c2)n1,7.38
CHEMBL3702885,N#C[C@H]1CCCCC1n1cc(C(N)=O)c(Nc2ccc(S(=O)(=O)C(F)F)c(CO)c2)n1,7.85
CHEMBL3702886,N#C[C@H]1CCCCC1n1cc(C(N)=O)c(Nc2ccc(S(=O)(=O)CF)cc2)n1,8.7
CHEMBL3702914,CC(C)NS(=O)(=O)c1ccc(Nc2nn([C@H]3CCCC[C@@H]3C#N)cc2C(N)=O)cc1,9
CHEMBL3702919,COCCNS(=O)(=O)c1ccc(Nc2nn([C@H]3CCCC[C@@H]3C#N)cc2C(N)=O)cc1,9
CHEMBL3702921,N#C[C@H]1CCCC[C@@H]1n1cc(C(N)=O)c(Nc2ccc(F)c(F)c2)n1,7.47
CHEMBL3702924,N#C[C@H]1CCCC[C@@H]1n1cc(C(N)=O)c(Nc2ccc(OC(F)F)cc2)n1,8.3
CHEMBL3702925,N#C[C@H]1CCCC[C@@H]1n1cc(C(N)=O)c(Nc2ccc(Cl)cc2)n1,7.6
CHEMBL3702926,N#C[C@H]1CCCC[C@@H]1n1cc(C(N)=O)c(Nc2ccc(C(F)(F)F)cc2)n1,7.72
CHEMBL3702927,N#C[C@H]1CCCC[C@@H]1n1cc(C(N)=O)c(Nc2ccc(OC(F)(F)F)cc2)n1,8
CHEMBL3702928,C[C@]1(C#N)CC[C@H](O)C[C@@H]1n1cc(C(N)=O)c(Nc2ccc(F)cc2)n1,7.66
CHEMBL3702929,C[C@]1(C#N)CC[C@@H](F)C[C@@H]1n1cc(C(N)=O)c(Nc2ccc(F)cc2)n1,7.96
CHEMBL3702934,N#C[C@H]1CC(F)CCC1n1cc(C(N)=O)c(Nc2ccccc2)n1,7.55
CHEMBL3702935,N#C[C@H]1CCCC(F)[C@@H]1n1cc(C(N)=O)c(Nc2ccccc2)n1,7.22
CHEMBL3702936,N#C[C@@H]1CCCC(F)[C@@H]1n1cc(C(N)=O)c(Nc2ccccc2)n1,6.67
CHEMBL3702937,[C-]#[N+][C@H]1C[C@H](O)CC[C@@H]1n1cc(C(N)=O)c(Nc2ccc(OC(F)(F)F)cc2)n1,7.21
CHEMBL3702940,N#C[C@H]1C[C@H](O)CC[C@@H]1n1cc(C(N)=O)c(Nc2ccc(Cl)c(F)c2)n1,7.58
CHEMBL3702941,N#Cc1ccc(Nc2nn([C@H]3CC[C@@H](O)C[C@@H]3C#N)cc2C(N)=O)cc1,8.52
CHEMBL3702942,N#C[C@H]1C[C@H](O)CC[C@@H]1n1cc(C(N)=O)c(Nc2ccc(C(F)(F)F)cc2)n1,7.41
CHEMBL3702943,N#C[C@H]1C[C@H](O)CC[C@@H]1n1cc(C(N)=O)c(Nc2ccc(Cl)c(Cl)c2)n1,7.7
CHEMBL3702944,C[C@](O)(c1ccc(Nc2nn([C@H]3CC[C@@H](O)C[C@@H]3C#N)cc2C(N)=O)cc1)C(F)(F)F,8.4
CHEMBL3702945,CC(C)(CF)c1ccc(Nc2nn([C@H]3CC[C@@H](O)C[C@@H]3C#N)cc2C(N)=O)cc1,8.22
CHEMBL3702947,COC(C)(C)c1ccc(Nc2nn([C@H]3CC[C@@H](O)C[C@@H]3C#N)cc2C(N)=O)cc1,8.7
CHEMBL3702949,N#C[C@H]1C[C@H](O)CC[C@@H]1n1cc(C(N)=O)c(Nc2ccc([C@H](O)C(F)(F)F)cc2)n1,8.52
CHEMBL3702951,N#C[C@H]1C[C@H](O)CC[C@@H]1n1cc(C(N)=O)c(Nc2ccc([C@@H](O)C(F)(F)F)cc2)n1,8.52
CHEMBL3702953,C[C@@](O)(c1ccc(Nc2nn([C@H]3CC[C@@H](O)C[C@@H]3C#N)cc2C(N)=O)cc1)C(F)(F)F,8.7
CHEMBL3702955,N#C[C@H]1C[C@H](O)CC[C@@H]1n1cc(C(N)=O)c(Nc2ccc(C(F)(F)F)c(F)c2)n1,7.55
CHEMBL3702956,N#C[C@H]1C[C@H](O)CC[C@@H]1n1cc(C(N)=O)c(Nc2ccc(OC(F)F)cc2)n1,8.1
CHEMBL3702957,CS(=O)(=O)c1ccc(Nc2nn([C@H]3CC[C@@H](O)C[C@@H]3C#N)cc2C(N)=O)cc1,8.52
CHEMBL3702958,N#C[C@H]1C[C@H](O)CC[C@@H]1n1cc(C(N)=O)c(Nc2ccccc2)n1,7.58
CHEMBL3702970,CN(C)[C@H]1CCC(n2cc(C(N)=O)c(Nc3ccc(S(=O)(=O)C(F)(F)F)cc3)n2)[C@@H](C#N)C1,8.175
CHEMBL3702971,CN[C@H]1CCC(n2cc(C(N)=O)c(Nc3ccc(F)cc3)n2)[C@@H](C#N)C1,7.25
CHEMBL3702972,CCNC1CCC(n2cc(C(N)=O)c(Nc3ccc(S(=O)(=O)C(F)(F)F)cc3)n2)[C@@H](C#N)C1,7.96
CHEMBL3702973,CNC1CCC(n2cc(C(N)=O)c(Nc3ccc(S(=O)(=O)C(F)(F)F)cc3)n2)[C@@H](C#N)C1,8.3
CHEMBL3702974,CN[C@H]1CCC(n2cc(C(N)=O)c(Nc3ccc(S(=O)(=O)C(F)(F)F)cc3)n2)[C@@H](C#N)C1,7.29
CHEMBL3702976,N#C[C@H]1C[C@@H](NCC(F)(F)F)CCC1n1cc(C(N)=O)c(Nc2ccc(S(=O)(=O)C(F)(F)F)cc2)n1,8.22
CHEMBL3702977,N#C[C@H]1C[C@@H](NCC(F)(F)F)CCC1n1cc(C(N)=O)c(Nc2ccc(S(=O)(=O)C(F)F)cc2)n1,8
CHEMBL3702979,N#C[C@H]1C[C@@H](NCC(F)F)CCC1n1cc(C(N)=O)c(Nc2ccc(S(=O)(=O)C(F)(F)F)cc2)n1,7.96
CHEMBL3702980,N#C[C@H]1CC(NCCO)CCC1n1cc(C(N)=O)c(Nc2ccc(S(=O)(=O)C(F)(F)F)cc2)n1,7.96
CHEMBL3702981,COCCN[C@H]1CCC(n2cc(C(N)=O)c(Nc3ccc(S(=O)(=O)C(F)(F)F)cc3)n2)[C@@H](C#N)C1,7.46
CHEMBL3702985,CC(C)(C)N[C@H]1CC[C@H](n2cc(C(N)=O)c(Nc3ccc(Cl)cc3)n2)[C@@H](C#N)C1,7.75
CHEMBL3702986,CN([C@H]1CC[C@H](n2cc(C(N)=O)c(Nc3ccc(Cl)cc3)n2)[C@@H](C#N)C1)C(C)(C)C,7.8
CHEMBL3703017,CN(C)[C@@H]1CC[C@H](n2cc(C(N)=O)c(Nc3ccc(Cl)c(F)c3)n2)[C@@H](C#N)C1,6.76
CHEMBL3703018,CN[C@@H]1CC[C@H](n2cc(C(N)=O)c(Nc3ccc(Cl)c(F)c3)n2)[C@@H](C#N)C1,7.46
CHEMBL3703019,CN[C@H]1CC[C@H](n2cc(C(N)=O)c(Nc3ccc(Cl)cc3)n2)[C@@H](C#N)C1,7.8
CHEMBL3703020,CN(C)[C@H]1CC[C@H](n2cc(C(N)=O)c(Nc3ccc(Cl)c(F)c3)n2)[C@@H](C#N)C1,7.24
CHEMBL3703021,CN[C@@H]1CC[C@H](n2cc(C(N)=O)c(Nc3ccc(Cl)cc3)n2)[C@@H](C#N)C1,7.44
CHEMBL3703022,CN[C@H]1CC[C@H](n2cc(C(N)=O)c(Nc3ccc(Cl)c(F)c3)n2)[C@@H](C#N)C1,7.58
CHEMBL3703030,CC(C)(C)N[C@@H]1CC[C@H](n2cc(C(N)=O)c(Nc3ccc([C@H](O)C(F)(F)F)cc3)n2)[C@@H](C#N)C1,7.64
CHEMBL3703032,CN(C)[C@@H]1CC[C@H](n2cc(C(N)=O)c(Nc3ccc(OC(F)(F)F)cc3)n2)[C@@H](C#N)C1,7.04
CHEMBL3703039,N#C[C@H]1C[C@@H](NCC(F)F)CC[C@@H]1n1cc(C(N)=O)c(Nc2ccc(F)c(Cl)c2)n1,7.39
CHEMBL3703057,CN(C)[C@H]1CC[C@H](n2cc(C(N)=O)c(Nc3ccc(OC(F)(F)F)cc3)n2)[C@@H](C#N)C1,7.75
CHEMBL3703061,N#C[C@H]1C[C@@H](NCC(F)F)CC[C@@H]1n1cc(C(N)=O)c(Nc2ccc(Cl)c(F)c2)n1,7.46
CHEMBL3703065,CN(C)[C@H]1CC[C@H](n2cc(C(N)=O)c(Nc3ccc(F)cc3)n2)[C@@H](C#N)C1,7.36
CHEMBL3703066,CN(C)[C@@H]1CC[C@H](n2cc(C(N)=O)c(Nc3ccc(OC(F)F)cc3)n2)[C@@H](C#N)C1,7.5
CHEMBL3703073,CN(C)[C@H]1CC[C@H](n2cc(C(N)=O)c(Nc3ccc(OC(F)F)cc3)n2)[C@@H](C#N)C1,7.89
CHEMBL3703076,N#C[C@H]1C[C@@H](NCC(F)(F)F)CC[C@@H]1n1cc(C(N)=O)c(Nc2ccc(S(=O)(=O)C(F)(F)F)cc2)n1,7.51
CHEMBL3703082,CN(CC(F)F)[C@H]1CC[C@H](n2cc(C(N)=O)c(Nc3ccc(S(=O)(=O)C(F)(F)F)cc3)n2)[C@@H](C#N)C1,7.54
CHEMBL3703084,N#Cc1ccc(Nc2nn([C@H]3CC[C@H](NCC(F)F)C[C@@H]3C#N)cc2C(N)=O)cc1,8.05
CHEMBL3703085,CN(C)[C@H]1CC[C@H](n2cc(C(N)=O)c(Nc3ccc(Cl)cc3)n2)[C@@H](C#N)C1,7.64
CHEMBL3703089,N#C[C@H]1CC(NCC(F)F)CC[C@@H]1n1cc(C(N)=O)c(Nc2ccc(S(=O)(=O)C(F)F)cc2)n1,8.22
CHEMBL3703092,CN(C)[C@@H]1CC[C@H](n2cc(C(N)=O)c(Nc3ccc(Cl)cc3)n2)[C@@H](C#N)C1,7.14
CHEMBL3703093,N#C[C@H]1C[C@@H](NCC(F)F)CC[C@@H]1n1cc(C(N)=O)c(Nc2ccc(S(=O)(=O)C(F)F)cc2)n1,8.3
CHEMBL3703100,CN(C)[C@H]1CC[C@H](n2cc(C(N)=O)c(Nc3ccccc3)n2)[C@@H](C#N)C1,7.5
CHEMBL3894605,COCCNC1CCC(CC#N)(n2cc(C(N)=O)c(Nc3ccc(F)cc3)n2)CC1,6.09
CHEMBL3909552,N#CCC1(n2cc(C(N)=O)c(Nc3ccc(F)cc3)n2)CCC(NCCF)CC1,6.88
CHEMBL3911561,CS(=O)(=O)c1ccc(Nc2nn(C3(CC#N)CCCCC3)cc2C(N)=O)cc1,6.71
CHEMBL3911564,CNC1CCC(CC#N)(n2cc(C(N)=O)c(Nc3ccc(F)cc3)n2)CC1,6.58
CHEMBL3912624,CC(C)(C)OC(=O)NC1CCC(CC#N)(n2cc(C(N)=O)c(Nc3ccccc3)n2)CC1,6.57
CHEMBL3917223,N#CC[C@]1(n2cc(C(N)=O)c(Nc3ccccc3)n2)CC[C@H](C(=O)NCC(F)(F)F)CC1,5.83
CHEMBL3922061,N#CC[C@]1(n2cc(C(N)=O)c(Nc3ccc(S(=O)(=O)C(F)F)cc3)n2)CC[C@@H](N)CC1,7.48
CHEMBL3922614,CN(CCS(C)(=O)=O)C1CCC(CC#N)(n2cc(C(N)=O)c(Nc3ccc(F)cc3)n2)CC1,7.43
CHEMBL3923655,N#CCC1(n2cc(C(N)=O)c(Nc3ccc(F)cc3)n2)CCC(NCC(F)(F)F)CC1,7.035
CHEMBL3929898,N#CCC1(n2cc(C(N)=O)c(Nc3ccc(F)cc3)n2)CCC(NCCO)CC1,6.01
CHEMBL3936267,N#CCC1(n2cc(C(N)=O)c(Nc3ccc(F)cc3)n2)CCC(NCC(F)F)CC1,7.89
CHEMBL3939566,CC(C)(C)OC(=O)C1CCC(CC#N)(n2cc(C(N)=O)c(Nc3ccccc3)n2)CC1,7.04
CHEMBL3940414,N#CCC1(n2cc(C(N)=O)c(Nc3ccc(S(=O)(=O)C(F)F)cc3)n2)CCC(NCC(F)F)CC1,8.52
CHEMBL3947540,N#CCC1(n2cc(C(N)=O)c(Nc3ccc(S(=O)(=O)C(F)F)cc3)n2)CCC(NCC(F)(F)F)CC1,8.015
CHEMBL3967827,N#CCC1(n2cc(C(N)=O)c(Nc3ccccc3)n2)CCCCC1,7.04
CHEMBL3983711,N#CC[C@]1(n2cc(C(N)=O)c(Nc3ccccc3)n2)CC[C@@H](C(=O)NCC(F)(F)F)CC1,6.52
CHEMBL5950030,[C-]#[N+][C@H]1C[C@H](O)CC[C@@H]1n1cc(C(N)=O)c(Nc2ccc(C(F)(F)F)cc2)n1,6.82
